﻿X,Y,OBJECTID,tvpoll_p_WARD,tvpoll_p_BLDG_NAME,tvpoll_p_ADDRESS,tvpoll_p_HANDICAP_ACCESS,tvpoll_p_SPEC_COMMENTS,tvpoll_p_ALD_DIST,tvpoll_p_PHONE_NO,tvpoll_p_SUP_DIST,tvpoll_p_SEN_DIST,tvpoll_p_ASM_DIST,tvpoll_p_BALLOT_COLOR
-89.3582542883551,43.0310026656767,484,75,Highland Manor Park Storm Shelter,10 Manor Dr,,,,,,,,
-89.3720969362459,43.0855501358637,485,41,Lapham Elementary School,1045 E Dayton St,,,,,,,,
-89.4050733823077,43.0628010594312,486,72,Trinity United Methodist Church,1123 Vilas Ave,,,,,,,,
-89.3621924554418,43.1122770429139,487,31,Door Creek Church - Northside,1181 N Sherman Ave,,,,,,,,
-89.4798500208033,43.0655007323759,488,90,Stephens Elementary School,120 S Rosa Rd,,,,,,,,
-89.5044130055747,43.0406200926209,489,102,Wisconsin Youth Company,1201 McKenna Blvd,,,,,,,,
-89.4060123490899,43.0660260081515,490,69,St James Catholic School,1204 St James Ct,,,,,,,,
-89.5037699680848,43.0396426519105,491,100,Urban League Southwest Employment Center,1233 McKenna Blvd,,,,,,,,
-89.5037089425694,43.0379218843651,492,101,Elver Park Shelter,1250 McKenna Blvd,,,,,,,,
-89.5037089425694,43.0379218843651,493,120,Elver Park Shelter,1250 McKenna Blvd,,,,,,,,
-89.4080968021951,43.0718778032266,494,58,Union South,1308 W Dayton St,,,,,,,,
-89.4080968021951,43.0718778032266,495,59,Union South,1308 W Dayton St,,,,,,,,
-89.3884015541698,43.0508337821198,496,73,Goodman Parks Maintenance Facility,1402 Wingra Creek Pkwy,,,,,,,,
-89.3703986727666,43.1464587606059,497,34,Black Hawk Middle School,1402 Wyoming Way,,,,,,,,
-89.3703986727666,43.1464587606059,498,129,Black Hawk Middle School,1402 Wyoming Way,,,,,,,,
-89.4143169748981,43.0732365102874,499,63,First Congregational Church,1609 University Ave,,,,,,,,
-89.3694177900633,43.1317096014744,500,36,Warner Park Community Recreation Center,1625 Northport Dr,,,,,,,,
-89.3933664773981,43.0460495320144,501,76,Catholic Multicultural Center,1862 Beld St,,,,,,,,
-89.3566870788569,43.0907799782636,502,40,Trinity Lutheran Church,1904 Winnebago St,,,,,,,,
-89.3471027487736,43.0480472171926,503,74,Bridge-Lake Point Community Center,1917 Lake Point Dr,,,,,,,,
-89.3874361063065,43.0737976163135,504,52,Central Library,201 W Mifflin St,,,,,,,,
-89.4226255686147,43.0667103639729,505,64,Blessed Sacrament Church,2121 Rowley Ave,,,,,,,,
-89.3808814076393,43.073495577029,506,45,NoVo Apartments,216 S Pinckney St,,,,,,,,
-89.3808814076393,43.073495577029,507,51,NoVo Apartments,216 S Pinckney St,,,,,,,,
-89.3808814076393,43.073495577029,508,126,NoVo Apartments,216 S Pinckney St,,,,,,,,
-89.3235092017615,43.0924909671398,509,17,Whitehorse Middle School,218 Schenk St,,,,,,,,
-89.2973563889009,43.0942724578951,510,12,Kennedy Elementary School,221 Meadowlark Dr,,,,,,,,
-89.3952493196644,43.0411277357847,511,77,Village on Park,2300 S Park St,,,,,,,,
-89.3108192309212,43.1293541113118,512,25,Eastside Lutheran Church and School,2310 Independence Ln,,,,,,,,
-89.3526280574392,43.100864257604,513,29,Emerson Elementary School,2421 E Johnson St,,,,,,,,
-89.4883505081394,43.0249821935551,514,98,Huegel Elementary School,2601 Prairie Rd,,,,,,,,
-89.4219714872131,43.027388134263,515,78,Leopold Elementary School,2602 Post Rd,,,,,,,,
-89.4219714872131,43.027388134263,516,79,Leopold Elementary School,2602 Post Rd,,,,,,,,
-89.3464665418125,43.1016422551209,517,18,Hawthorne Library,2707 E Washington Ave,,,,,,,,
-89.3624300769679,43.1277693511885,518,32,Lakeview Library,2845 N Sherman Ave,,,,,,,,
-89.4303232466535,43.0412851847519,519,127,UW Arboretum Visitor Center,2880 Longenecker Dr,,,,,,,,
-89.4780912987205,43.012240835699,520,104,Staybridge Suites Madison - Fitchburg,2916 Hardrock Rd,,,,,,,,
-89.3848909853405,43.0799625269046,521,46,Gates of Heaven,302 E Gorham St,,,,,,,,
-89.4922004426085,43.0198962302961,522,103,Chapel Valley Church,3102 Prairie Rd,,,,,,,,
-89.3878935487646,43.0769620023039,523,47,Bethel Lutheran Church,312 Wisconsin Ave,,,,,,,,
-89.295605444109,43.0528870191654,524,2,Fire Station #14,3201 Dairy Dr,,,,,,,,
-89.295605444109,43.0528870191654,525,3,Fire Station #14,3201 Dairy Dr,,,,,,,,
-89.4585296391282,43.061400945335,526,87,Covenant Presbyterian Church,326 S Segoe Rd,,,,,,,,
-89.4585296391282,43.061400945335,527,88,Covenant Presbyterian Church,326 S Segoe Rd,,,,,,,,
-89.3500799111977,43.1041477284515,528,28,Bashford United Methodist Church,329 North St,,,,,,,,
-89.3893614433493,43.0729047694656,529,54,Madison Senior Center,330 W Mifflin St,,,,,,,,
-89.3868177587715,43.0708263436802,530,53,Capitol Lakes,333 W Main St,,,,,,,,
-89.3356416539468,43.0924297558136,531,19,Olbrich Gardens,3330 Atwood Ave,,,,,,,,
-89.3281862406746,43.1120072755888,532,27,Hawthorne Elementary School,3344 Concord Ave,,,,,,,,
-89.5003194090205,43.0095557303899,533,105,Chavez Elementary School,3502 Maple Grove Dr,,,,,,,,
-89.5003194090205,43.0095557303899,534,106,Chavez Elementary School,3502 Maple Grove Dr,,,,,,,,
-89.3627400207203,43.1340506838113,535,33,Sherman Ave United Methodist Church,3705 N Sherman Ave,,,,,,,,
-89.3627400207203,43.1340506838113,536,122,Sherman Ave United Methodist Church,3705 N Sherman Ave,,,,,,,,
-89.3186858164148,43.1178417804675,537,13,Hy-Vee,3801 E Washington Ave,,,,,,,,
-89.4392587988407,43.0686164069698,538,65,Capital High School,3802 Regent St,,,,,,,,
-89.442481247034,43.0458717350244,539,80,Thoreau Elementary School,3870 Nakoma Rd,,,,,,,,
-89.4411664430929,43.0613183996718,540,67,Bethany United Methodist Church,3910 Mineral Point Rd,,,,,,,,
-89.3835124063734,43.1367834381485,541,38,Mendota Elementary School,4002 School Rd,,,,,,,,
-89.2794444135924,43.1442858472232,542,22,Fire Station #11,4011 Morgan Way,,,,,,,,
-89.367086593365,43.0918697402666,543,30,Tenney Park Pavilion,402 N Thornton Ave,,,,,,,,
-89.3235954544917,43.0811273541913,544,15,Lake Edge Lutheran Church,4032 Monona Dr,,,,,,,,
-89.3130976920278,43.1362809593401,545,24,Sandburg Elementary School,4114 Donald Dr,,,,,,,,
-89.3130976920278,43.1362809593401,546,133,Sandburg Elementary School,4114 Donald Dr,,,,,,,,
-89.3128878981603,43.1082366899113,547,20,Nakoosa Fleet Facility,4151 Nakoosa Tr,,,,,,,,
-89.3128878981603,43.1082366899113,548,21,Nakoosa Fleet Facility,4151 Nakoosa Tr,,,,,,,,
-89.4504470914927,43.0539433321025,549,86,Sequoya Library,4340 Tokay Blvd,,,,,,,,
-89.3885158160351,43.1431866611331,550,37,Lindbergh Elementary School,4500 Kennedy Rd,,,,,,,,
-89.4577564282724,43.0285699108148,551,81,Boys and Girls Club,4619 Jenewein Rd,,,,,,,,
-89.4586777260923,43.065197904584,552,89,Hamilton Middle School,4801 Waukesha St,,,,,,,,
-89.297224436303,43.0728313180467,553,4,City Church,4909 E Buckeye Rd,,,,,,,,
-89.3647665217151,43.1517374747091,554,35,TPC Wisconsin,5000 N Sherman Ave,,,,,,,,
-89.3772982130709,43.0377903778265,555,132,Badger Rock Middle School,501 East Badger Rd,,,,,,,,
-89.4497556072427,43.0570315122994,556,85,Midvale Elementary School,502 Caromar Dr,,,,,,,,
-89.3212675673667,43.0630084771776,557,14,Sennett Middle School,502 Pflaum Rd,,,,,,,,
-89.3669664104889,43.0798354008419,558,44,Wil-Mar Neighborhood Center,504 S Brearly St,,,,,,,,
-89.3572391287048,43.0867174034152,559,42,O'Keeffe Middle School,510 S Thornton Ave,,,,,,,,
-89.2923910180215,43.0785543944988,560,5,Elvehjem Elementary School,5106 Academy Dr,,,,,,,,
-89.2923910180215,43.0785543944988,561,6,Elvehjem Elementary School,5106 Academy Dr,,,,,,,,
-89.317914058689,43.0841589932217,562,16,Pinney Library,516 Cottage Grove Rd,,,,,,,,
-89.436799366243,43.0731383036363,563,66,First Bapstist Church,518 N Franklin Ave,,,,,,,,
-89.2922520866134,43.0852777592656,564,10,Messiah Lutheran Church,5202 Cottage Grove Rd,,,,,,,,
-89.5020243568607,43.0662947160714,565,115,Lussier Community Education Center,55 S Gammon Rd,,,,,,,,
-89.2839113532891,43.156423594613,566,23,Oakwood Village Prairie Ridge,5565 Tancho Dr,,,,,,,,
-89.4760341184326,43.0334064690947,567,82,Toki Middle School,5606 Russett Rd,,,,,,,,
-89.4777870900075,43.03118467731,568,83,Good Shepherd Lutheran Church,5701 Raymond Rd,,,,,,,,
-89.4785418518147,43.0323786774481,569,84,Meadowridge Library,5726 Raymond Rd,,,,,,,,
-89.4785418518147,43.0323786774481,570,99,Meadowridge Library,5726 Raymond Rd,,,,,,,,
-89.3026193342444,43.0893980818089,571,11,New Beginnings Church,602 Acewood Blvd,,,,,,,,
-89.3955668694885,43.0762021154737,572,48,Lowell Center,610 Langdon St,,,,,,,,
-89.4855486820936,43.0887545736014,573,91,Asbury United Methodist Church,6101 University Ave,,,,,,,,
-89.4855486820936,43.0887545736014,574,92,Asbury United Methodist Church,6101 University Ave,,,,,,,,
-89.4365529044518,43.0882231769098,575,62,Eagle Heights Community Center,611 Eagle Heights Dr,,,,,,,,
-89.3959456160336,43.0756027799399,576,49,Hillel at University of Wisconsin,611 Langdon St,,,,,,,,
-89.3851014542731,43.1361250353673,577,39,Vera Court Neighborhood Center,614 Vera Ct,,,,,,,,
-89.3851014542731,43.1361250353673,578,131,Vera Court Neighborhood Center,614 Vera Ct,,,,,,,,
-89.2729408356437,43.0766838668528,579,1,Westminster Senior Apartments,6160 Dell Dr,,,,,,,,
-89.2729408356437,43.0766838668528,580,125,Westminster Senior Apartments,6160 Dell Dr,,,,,,,,
-89.4868985704195,43.0597932575878,581,94,Oakwood Village University Woods,6205 Mineral Point Rd,,,,,,,,
-89.2709135034259,43.1021946845254,582,8,Steamfitters Local 601 Training Center,6310 Town Center Dr,,,,,,,,
-89.2709135034259,43.1021946845254,583,123,Steamfitters Local 601 Training Center,6310 Town Center Dr,,,,,,,,
-89.4901421710202,43.0403871456508,584,95,Anana Elementary School,6323 Woodington Way,,,,,,,,
-89.4901421710202,43.0403871456508,585,97,Anana Elementary School,6323 Woodington Way,,,,,,,,
-89.4901421710202,43.0403871456508,586,130,Anana Elementary School,6323 Woodington Way,,,,,,,,
-89.5279685950386,43.0743218908754,587,117,Attic Angel Association,640 Junction Rd,,,,,,,,
-89.3925145994522,43.0665094308878,588,55,641 W Main St Apartments,641 W Main St,,,,,,,,
-89.5612941003022,43.0739638944361,589,119,Middleton United Church of Christ,645 Schewe Rd,,,,,,,,
-89.2647632852251,43.0919452714229,590,7,Door Creek Church,6602 Dominion Dr,,,,,,,,
-89.2647632852251,43.0919452714229,591,121,Door Creek Church,6602 Dominion Dr,,,,,,,,
-89.4948466841898,43.0681300215987,592,93,John Muir Elementary School,6602 Inner Dr,,,,,,,,
-89.504722389851,43.0321098122378,593,107,Point of Grace Church,7026 Raymond Rd,,,,,,,,
-89.504722389851,43.0321098122378,594,111,Point of Grace Church,7026 Raymond Rd,,,,,,,,
-89.504722389851,43.0321098122378,595,124,Point of Grace Church,7026 Raymond Rd,,,,,,,,
-89.4341868047445,43.0548503386814,596,71,Wingra School,718 Gilmore St,,,,,,,,
-89.2831696358713,43.0878262010942,597,9,Oak Park Place,718 Jupiter Dr,,,,,,,,
-89.517656460828,43.0760593940171,598,96,Alicia Ashman Library,733 N High Point Rd,,,,,,,,
-89.5117229146349,43.0513047709175,599,108,Timberlake Village Apartments Community Room,7425 Timberlake Trl,,,,,,,,
-89.3986407182153,43.0737149843845,600,50,Chazen Museum of Art,750 University Ave,,,,,,,,
-89.3985871261015,43.0653143498592,601,68,Brittingham Apartments,755 Braxton Pl,,,,,,,,
-89.5159954560276,43.0761747226703,602,116,High Point Church,7702 Old Sauk Rd,,,,,,,,
-89.3989085596932,43.0707035210146,603,56,Nicholas Recreation Center,797 W Dayton St,,,,,,,,
-89.3989085596932,43.0707035210146,604,57,Nicholas Recreation Center,797 W Dayton St,,,,,,,,
-89.3286714630809,43.118349422197,605,26,East Madison Community Center,8 Straubel Ct,,,,,,,,
-89.3286714630809,43.118349422197,606,128,East Madison Community Center,8 Straubel Ct,,,,,,,,
-89.3999851531868,43.0762486826619,607,60,Memorial Union,800 Langdon St,,,,,,,,
-89.3999851531868,43.0762486826619,608,61,Memorial Union,800 Langdon St,,,,,,,,
-89.5458925730595,43.0431372453848,609,112,Olson Elementary School,801 Redan Dr,,,,,,,,
-89.5458925730595,43.0431372453848,610,113,Olson Elementary School,801 Redan Dr,,,,,,,,
-89.5329457177687,43.0611666581983,611,110,West Madison Agricultural Research Station,8502 Mineral Point Rd,,,,,,,,
-89.5505678381831,43.0740287766742,612,118,The Jefferson,9401 Old Sauk Rd,,,,,,,,
-89.5505678381831,43.0740287766742,613,134,The Jefferson,9401 Old Sauk Rd,,,,,,,,
-89.3765586082932,43.0862555564809,614,43,Christ Presbyterian Church,944 E Gorham St,,,,,,,,
-89.4229944336359,43.0570353778801,615,70,Edgewood College - Rennebohm Library,959 Edgewood College Dr,,,,,,,,
-89.5544504194387,43.0621255141232,616,109,Blackhawk Church,9620 Brader Way,,,,,,,,
-89.5544504194387,43.0621255141232,617,114,Blackhawk Church ,9620 Brader Way,,,,,,,,
